{"cameraMode":{"drawMode":0,"name":"Shaded","section":"Shading Mode"},"sceneLighting":true,"audioPlay":false,"sceneViewState":{"showFog":true,"showMaterialUpdate":false,"showSkybox":true,"showFlares":true,"showImageEffects":true,"showParticleSystems":true},"in2DMode":false,"pivot":{"x":-11.979022979736329,"y":-1.6925575733184815,"z":-69.47049713134766},"rotation":{"x":-0.07311153411865235,"y":-0.01945049688220024,"z":-0.0014263982884585858,"w":0.9971331357955933},"size":22.0,"orthographic":false}