{"cameraMode":{"drawMode":0,"name":"Shaded","section":"Shading Mode"},"sceneLighting":false,"audioPlay":false,"sceneViewState":{"showFog":true,"showMaterialUpdate":false,"showSkybox":false,"showFlares":true,"showImageEffects":true,"showParticleSystems":true},"in2DMode":false,"pivot":{"x":0.15215706825256349,"y":1.9138243198394776,"z":-1.5516157150268555},"rotation":{"x":-0.024680929258465768,"y":-0.1995897889137268,"z":-0.005029125139117241,"w":0.9795557856559753},"size":23.740097045898439,"orthographic":false}